[
{
  "pk": 50000,
  "model": "desktop.document2",
  "fields": {
    "uuid": "2d667ab2-70f9-c2bf-0726-abe84fa7130d",
    "extra": "",
    "type": "oozie-workflow2",
    "description": "Copy a file by launching a Spark Java program",
    "is_history": false,
    "last_modified": "2015-03-11T08:19:12.616",
    "version": 1,
    "owner": [
      "hue"
    ],
    "dependencies": [],
    "data": "{\"layout\": [{\"oozieRows\": [{\"enableOozieDropOnBefore\": true, \"enableOozieDropOnSide\": true, \"enableOozieDrop\": false, \"widgets\": [{\"status\": \"\", \"logsURL\": \"\", \"name\": \"Spark\", \"widgetType\": \"spark-widget\", \"oozieMovable\": true, \"ooziePropertiesExpanded\": false, \"properties\": {}, \"isLoading\": true, \"offset\": 0, \"actionURL\": \"\", \"progress\": 0, \"klass\": \"card card-widget span12\", \"oozieExpanded\": false, \"id\": \"d909ca7e-b1d9-f8f3-9b57-cddf9a8e75a7\", \"size\": 12}], \"id\": \"d078a9c7-96dc-293d-8fb7-d5fa74f57a24\", \"columns\": []}], \"rows\": [{\"enableOozieDropOnBefore\": true, \"enableOozieDropOnSide\": true, \"enableOozieDrop\": false, \"widgets\": [{\"status\": \"\", \"logsURL\": \"\", \"name\": \"Start\", \"widgetType\": \"start-widget\", \"oozieMovable\": false, \"ooziePropertiesExpanded\": false, \"properties\": {}, \"isLoading\": true, \"offset\": 0, \"actionURL\": \"\", \"progress\": 0, \"klass\": \"card card-widget span12\", \"oozieExpanded\": false, \"id\": \"3f107997-04cc-8733-60a9-a4bb62cebffc\", \"size\": 12}], \"id\": \"e4e4f7c5-939e-e60e-d6a0-380a0b58ff3b\", \"columns\": []}, {\"enableOozieDropOnBefore\": true, \"enableOozieDropOnSide\": true, \"enableOozieDrop\": false, \"widgets\": [{\"status\": \"\", \"logsURL\": \"\", \"name\": \"Spark\", \"widgetType\": \"spark-widget\", \"oozieMovable\": true, \"ooziePropertiesExpanded\": false, \"properties\": {}, \"isLoading\": true, \"offset\": 0, \"actionURL\": \"\", \"progress\": 0, \"klass\": \"card card-widget span12\", \"oozieExpanded\": false, \"id\": \"d909ca7e-b1d9-f8f3-9b57-cddf9a8e75a7\", \"size\": 12}], \"id\": \"d078a9c7-96dc-293d-8fb7-d5fa74f57a24\", \"columns\": []}, {\"enableOozieDropOnBefore\": true, \"enableOozieDropOnSide\": true, \"enableOozieDrop\": false, \"widgets\": [{\"status\": \"\", \"logsURL\": \"\", \"name\": \"End\", \"widgetType\": \"end-widget\", \"oozieMovable\": false, \"ooziePropertiesExpanded\": false, \"properties\": {}, \"isLoading\": true, \"offset\": 0, \"actionURL\": \"\", \"progress\": 0, \"klass\": \"card card-widget span12\", \"oozieExpanded\": false, \"id\": \"33430f0f-ebfa-c3ec-f237-3e77efa03d0a\", \"size\": 12}], \"id\": \"73a5f080-76d0-2f8a-49fc-bf5c75e2a7c1\", \"columns\": []}, {\"enableOozieDropOnBefore\": true, \"enableOozieDropOnSide\": true, \"enableOozieDrop\": false, \"widgets\": [{\"status\": \"\", \"logsURL\": \"\", \"name\": \"Kill\", \"widgetType\": \"kill-widget\", \"oozieMovable\": true, \"ooziePropertiesExpanded\": false, \"properties\": {}, \"isLoading\": true, \"offset\": 0, \"actionURL\": \"\", \"progress\": 0, \"klass\": \"card card-widget span12\", \"oozieExpanded\": false, \"id\": \"17c9c895-5a16-7443-bb81-f34b30b21548\", \"size\": 12}], \"id\": \"fb5c57ae-85eb-e519-6b95-370d532fa757\", \"columns\": []}], \"oozieEndRow\": {\"enableOozieDropOnBefore\": true, \"enableOozieDropOnSide\": true, \"enableOozieDrop\": false, \"widgets\": [{\"status\": \"\", \"logsURL\": \"\", \"name\": \"End\", \"widgetType\": \"end-widget\", \"oozieMovable\": false, \"ooziePropertiesExpanded\": false, \"properties\": {}, \"isLoading\": true, \"offset\": 0, \"actionURL\": \"\", \"progress\": 0, \"klass\": \"card card-widget span12\", \"oozieExpanded\": false, \"id\": \"33430f0f-ebfa-c3ec-f237-3e77efa03d0a\", \"size\": 12}], \"id\": \"73a5f080-76d0-2f8a-49fc-bf5c75e2a7c1\", \"columns\": []}, \"oozieKillRow\": {\"enableOozieDropOnBefore\": true, \"enableOozieDropOnSide\": true, \"enableOozieDrop\": false, \"widgets\": [{\"status\": \"\", \"logsURL\": \"\", \"name\": \"Kill\", \"widgetType\": \"kill-widget\", \"oozieMovable\": true, \"ooziePropertiesExpanded\": false, \"properties\": {}, \"isLoading\": true, \"offset\": 0, \"actionURL\": \"\", \"progress\": 0, \"klass\": \"card card-widget span12\", \"oozieExpanded\": false, \"id\": \"17c9c895-5a16-7443-bb81-f34b30b21548\", \"size\": 12}], \"id\": \"fb5c57ae-85eb-e519-6b95-370d532fa757\", \"columns\": []}, \"enableOozieDropOnAfter\": true, \"oozieStartRow\": {\"enableOozieDropOnBefore\": true, \"enableOozieDropOnSide\": true, \"enableOozieDrop\": false, \"widgets\": [{\"status\": \"\", \"logsURL\": \"\", \"name\": \"Start\", \"widgetType\": \"start-widget\", \"oozieMovable\": false, \"ooziePropertiesExpanded\": false, \"properties\": {}, \"isLoading\": true, \"offset\": 0, \"actionURL\": \"\", \"progress\": 0, \"klass\": \"card card-widget span12\", \"oozieExpanded\": false, \"id\": \"3f107997-04cc-8733-60a9-a4bb62cebffc\", \"size\": 12}], \"id\": \"e4e4f7c5-939e-e60e-d6a0-380a0b58ff3b\", \"columns\": []}, \"klass\": \"card card-home card-column span12\", \"enableOozieDropOnBefore\": true, \"drops\": [\"temp\"], \"id\": \"c844d341-c306-aab2-3a23-bc00d7fe76dc\", \"size\": 12}], \"workflow\": {\"properties\": {\"files\": [{\"value\":\"lib/oozie-examples.jar\"}], \"job_xml\": \"\", \"description\": \"Copy a file by launching a Spark Java program\", \"wf1_id\": null, \"sla_enabled\": false, \"deployment_dir\": \"/user/hue/oozie/workspaces/workflows/spark-scala\", \"schema_version\": \"uri:oozie:workflow:0.5\", \"properties\": [], \"sla_workflow_enabled\": false, \"show_arrows\": true, \"credentials\": [], \"parameters\": [{\"name\": \"oozie.use.system.libpath\", \"value\": true}, {\"name\": \"input\", \"value\": \"/user/hue/oozie/workspaces/data/sonnets.txt\"}, {\"name\": \"output\", \"value\": \"here\"}], \"sla\": [{\"value\": false, \"key\": \"enabled\"}, {\"value\": \"${nominal_time}\", \"key\": \"nominal-time\"}, {\"value\": \"\", \"key\": \"should-start\"}, {\"value\": \"${30 * MINUTES}\", \"key\": \"should-end\"}, {\"value\": \"\", \"key\": \"max-duration\"}, {\"value\": \"\", \"key\": \"alert-events\"}, {\"value\": \"\", \"key\": \"alert-contact\"}, {\"value\": \"\", \"key\": \"notification-msg\"}, {\"value\": \"\", \"key\": \"upstream-apps\"}]}, \"name\": \"Spark\", \"versions\": [\"uri:oozie:workflow:0.4\", \"uri:oozie:workflow:0.4.5\", \"uri:oozie:workflow:0.5\"], \"isDirty\": true, \"movedNode\": null, \"linkMapping\": {\"33430f0f-ebfa-c3ec-f237-3e77efa03d0a\": [], \"3f107997-04cc-8733-60a9-a4bb62cebffc\": [\"d909ca7e-b1d9-f8f3-9b57-cddf9a8e75a7\"], \"d909ca7e-b1d9-f8f3-9b57-cddf9a8e75a7\": [\"33430f0f-ebfa-c3ec-f237-3e77efa03d0a\"], \"17c9c895-5a16-7443-bb81-f34b30b21548\": []}, \"nodeIds\": [\"3f107997-04cc-8733-60a9-a4bb62cebffc\", \"33430f0f-ebfa-c3ec-f237-3e77efa03d0a\", \"17c9c895-5a16-7443-bb81-f34b30b21548\", \"d909ca7e-b1d9-f8f3-9b57-cddf9a8e75a7\"], \"nodes\": [{\"properties\": {}, \"name\": \"Start\", \"children\": [{\"to\": \"d909ca7e-b1d9-f8f3-9b57-cddf9a8e75a7\"}], \"actionParametersFetched\": false, \"type\": \"start-widget\", \"id\": \"3f107997-04cc-8733-60a9-a4bb62cebffc\", \"actionParameters\": []}, {\"properties\": {}, \"name\": \"End\", \"children\": [], \"actionParametersFetched\": false, \"type\": \"end-widget\", \"id\": \"33430f0f-ebfa-c3ec-f237-3e77efa03d0a\", \"actionParameters\": []}, {\"properties\": {\"message\": \"Action failed, error message[${wf:errorMessage(wf:lastErrorNode())}]\"}, \"name\": \"Kill\", \"children\": [], \"actionParametersFetched\": false, \"type\": \"kill-widget\", \"id\": \"17c9c895-5a16-7443-bb81-f34b30b21548\", \"actionParameters\": []}, {\"properties\": {\"job_xml\": [], \"app_name\": \"MySpark\", \"spark_opts\": \"\", \"class\": \"org.apache.oozie.example.SparkFileCopy\", \"job_properties\": [], \"spark_arguments\": [{\"value\": \"${input}\"}, {\"value\": \"${output}\"}], \"spark_master\": \"yarn\", \"mode\": \"client\", \"prepares\": [], \"credentials\": [], \"jars\": \"oozie-examples.jar\", \"sla\": [{\"value\": false, \"key\": \"enabled\"}, {\"value\": \"${nominal_time}\", \"key\": \"nominal-time\"}, {\"value\": \"\", \"key\": \"should-start\"}, {\"value\": \"${30 * MINUTES}\", \"key\": \"should-end\"}, {\"value\": \"\", \"key\": \"max-duration\"}, {\"value\": \"\", \"key\": \"alert-events\"}, {\"value\": \"\", \"key\": \"alert-contact\"}, {\"value\": \"\", \"key\": \"notification-msg\"}, {\"value\": \"\", \"key\": \"upstream-apps\"}]}, \"name\": \"spark-d909\", \"children\": [{\"to\": \"33430f0f-ebfa-c3ec-f237-3e77efa03d0a\"}, {\"error\": \"17c9c895-5a16-7443-bb81-f34b30b21548\"}], \"actionParametersFetched\": false, \"type\": \"spark-widget\", \"id\": \"d909ca7e-b1d9-f8f3-9b57-cddf9a8e75a7\", \"actionParameters\": []}], \"id\": 50000, \"nodeNamesMapping\": {\"33430f0f-ebfa-c3ec-f237-3e77efa03d0a\": \"End\", \"3f107997-04cc-8733-60a9-a4bb62cebffc\": \"Start\", \"d909ca7e-b1d9-f8f3-9b57-cddf9a8e75a7\": \"spark-d909\", \"17c9c895-5a16-7443-bb81-f34b30b21548\": \"Kill\"}, \"uuid\": \"2d667ab2-70f9-c2bf-0726-abe84fa7130d\"}}",
    "name": "Spark"
  }
}
,
{
  "pk": 50001,
  "model": "desktop.document2",
  "fields": {
    "uuid": "c1c3cba9-edec-fb6f-a526-9f80b66fe993",
    "extra": "",
    "type": "oozie-workflow2",
    "description": "Run Hive script with HiveServer2",
    "is_history": false,
    "last_modified": "2015-03-11T11:44:36.140",
    "version": 1,
    "owner": [
      "hue"
    ],
    "dependencies": [],
    "data": "{\"layout\": [{\"oozieRows\": [{\"enableOozieDropOnBefore\": true, \"enableOozieDropOnSide\": true, \"enableOozieDrop\": false, \"widgets\": [{\"status\": \"\", \"logsURL\": \"\", \"name\": \"HiveServer2 Script\", \"widgetType\": \"hive2-widget\", \"oozieMovable\": true, \"ooziePropertiesExpanded\": false, \"properties\": {}, \"isLoading\": true, \"offset\": 0, \"actionURL\": \"\", \"progress\": 0, \"klass\": \"card card-widget span12\", \"oozieExpanded\": false, \"id\": \"cec1af8d-3577-b36e-3bf9-0c5b419a4f92\", \"size\": 12}], \"id\": \"096a3ffa-dc03-6ce3-1811-1b430f695c9e\", \"columns\": []}], \"rows\": [{\"enableOozieDropOnBefore\": true, \"enableOozieDropOnSide\": true, \"enableOozieDrop\": false, \"widgets\": [{\"status\": \"\", \"logsURL\": \"\", \"name\": \"Start\", \"widgetType\": \"start-widget\", \"oozieMovable\": false, \"ooziePropertiesExpanded\": false, \"properties\": {}, \"isLoading\": true, \"offset\": 0, \"actionURL\": \"\", \"progress\": 0, \"klass\": \"card card-widget span12\", \"oozieExpanded\": false, \"id\": \"3f107997-04cc-8733-60a9-a4bb62cebffc\", \"size\": 12}], \"id\": \"7a1bdb09-b575-3288-185c-ad6fe665cd1c\", \"columns\": []}, {\"enableOozieDropOnBefore\": true, \"enableOozieDropOnSide\": true, \"enableOozieDrop\": false, \"widgets\": [{\"status\": \"\", \"logsURL\": \"\", \"name\": \"HiveServer2 Script\", \"widgetType\": \"hive2-widget\", \"oozieMovable\": true, \"ooziePropertiesExpanded\": false, \"properties\": {}, \"isLoading\": true, \"offset\": 0, \"actionURL\": \"\", \"progress\": 0, \"klass\": \"card card-widget span12\", \"oozieExpanded\": false, \"id\": \"cec1af8d-3577-b36e-3bf9-0c5b419a4f92\", \"size\": 12}], \"id\": \"096a3ffa-dc03-6ce3-1811-1b430f695c9e\", \"columns\": []}, {\"enableOozieDropOnBefore\": true, \"enableOozieDropOnSide\": true, \"enableOozieDrop\": false, \"widgets\": [{\"status\": \"\", \"logsURL\": \"\", \"name\": \"End\", \"widgetType\": \"end-widget\", \"oozieMovable\": false, \"ooziePropertiesExpanded\": false, \"properties\": {}, \"isLoading\": true, \"offset\": 0, \"actionURL\": \"\", \"progress\": 0, \"klass\": \"card card-widget span12\", \"oozieExpanded\": false, \"id\": \"33430f0f-ebfa-c3ec-f237-3e77efa03d0a\", \"size\": 12}], \"id\": \"0421e5a9-e5c0-77ae-3ff9-b3eba2933ea9\", \"columns\": []}, {\"enableOozieDropOnBefore\": true, \"enableOozieDropOnSide\": true, \"enableOozieDrop\": false, \"widgets\": [{\"status\": \"\", \"logsURL\": \"\", \"name\": \"Kill\", \"widgetType\": \"kill-widget\", \"oozieMovable\": true, \"ooziePropertiesExpanded\": false, \"properties\": {}, \"isLoading\": true, \"offset\": 0, \"actionURL\": \"\", \"progress\": 0, \"klass\": \"card card-widget span12\", \"oozieExpanded\": false, \"id\": \"17c9c895-5a16-7443-bb81-f34b30b21548\", \"size\": 12}], \"id\": \"4f58390d-276a-fb3e-f37b-85f8a38cb303\", \"columns\": []}], \"oozieEndRow\": {\"enableOozieDropOnBefore\": true, \"enableOozieDropOnSide\": true, \"enableOozieDrop\": false, \"widgets\": [{\"status\": \"\", \"logsURL\": \"\", \"name\": \"End\", \"widgetType\": \"end-widget\", \"oozieMovable\": false, \"ooziePropertiesExpanded\": false, \"properties\": {}, \"isLoading\": true, \"offset\": 0, \"actionURL\": \"\", \"progress\": 0, \"klass\": \"card card-widget span12\", \"oozieExpanded\": false, \"id\": \"33430f0f-ebfa-c3ec-f237-3e77efa03d0a\", \"size\": 12}], \"id\": \"0421e5a9-e5c0-77ae-3ff9-b3eba2933ea9\", \"columns\": []}, \"oozieKillRow\": {\"enableOozieDropOnBefore\": true, \"enableOozieDropOnSide\": true, \"enableOozieDrop\": false, \"widgets\": [{\"status\": \"\", \"logsURL\": \"\", \"name\": \"Kill\", \"widgetType\": \"kill-widget\", \"oozieMovable\": true, \"ooziePropertiesExpanded\": false, \"properties\": {}, \"isLoading\": true, \"offset\": 0, \"actionURL\": \"\", \"progress\": 0, \"klass\": \"card card-widget span12\", \"oozieExpanded\": false, \"id\": \"17c9c895-5a16-7443-bb81-f34b30b21548\", \"size\": 12}], \"id\": \"4f58390d-276a-fb3e-f37b-85f8a38cb303\", \"columns\": []}, \"enableOozieDropOnAfter\": true, \"oozieStartRow\": {\"enableOozieDropOnBefore\": true, \"enableOozieDropOnSide\": true, \"enableOozieDrop\": false, \"widgets\": [{\"status\": \"\", \"logsURL\": \"\", \"name\": \"Start\", \"widgetType\": \"start-widget\", \"oozieMovable\": false, \"ooziePropertiesExpanded\": false, \"properties\": {}, \"isLoading\": true, \"offset\": 0, \"actionURL\": \"\", \"progress\": 0, \"klass\": \"card card-widget span12\", \"oozieExpanded\": false, \"id\": \"3f107997-04cc-8733-60a9-a4bb62cebffc\", \"size\": 12}], \"id\": \"7a1bdb09-b575-3288-185c-ad6fe665cd1c\", \"columns\": []}, \"klass\": \"card card-home card-column span12\", \"enableOozieDropOnBefore\": true, \"drops\": [\"temp\"], \"id\": \"ea488c2f-56a6-c5e5-be3c-5c396ad4f877\", \"size\": 12}], \"workflow\": {\"properties\": {\"job_xml\": \"\", \"description\": \"Run Hive script with HiveServer2\", \"wf1_id\": null, \"sla_enabled\": false, \"deployment_dir\": \"/user/hue/oozie/workspaces/workflows/hiveserver2\", \"schema_version\": \"uri:oozie:workflow:0.5\", \"sla\": [{\"key\": \"enabled\", \"value\": false}, {\"key\": \"nominal-time\", \"value\": \"${nominal_time}\"}, {\"key\": \"should-start\", \"value\": \"\"}, {\"key\": \"should-end\", \"value\": \"${30 * MINUTES}\"}, {\"key\": \"max-duration\", \"value\": \"\"}, {\"key\": \"alert-events\", \"value\": \"\"}, {\"key\": \"alert-contact\", \"value\": \"\"}, {\"key\": \"notification-msg\", \"value\": \"\"}, {\"key\": \"upstream-apps\", \"value\": \"\"}], \"sla_workflow_enabled\": false, \"show_arrows\": true, \"credentials\": [], \"parameters\": [{\"name\": \"oozie.use.system.libpath\", \"value\": true}], \"properties\": []}, \"name\": \"Hive SQL\", \"versions\": [\"uri:oozie:workflow:0.4\", \"uri:oozie:workflow:0.4.5\", \"uri:oozie:workflow:0.5\"], \"isDirty\": true, \"movedNode\": null, \"linkMapping\": {\"33430f0f-ebfa-c3ec-f237-3e77efa03d0a\": [], \"cec1af8d-3577-b36e-3bf9-0c5b419a4f92\": [\"33430f0f-ebfa-c3ec-f237-3e77efa03d0a\"], \"3f107997-04cc-8733-60a9-a4bb62cebffc\": [\"cec1af8d-3577-b36e-3bf9-0c5b419a4f92\"], \"17c9c895-5a16-7443-bb81-f34b30b21548\": []}, \"nodeIds\": [\"3f107997-04cc-8733-60a9-a4bb62cebffc\", \"33430f0f-ebfa-c3ec-f237-3e77efa03d0a\", \"17c9c895-5a16-7443-bb81-f34b30b21548\", \"cec1af8d-3577-b36e-3bf9-0c5b419a4f92\"], \"nodes\": [{\"properties\": {}, \"name\": \"Start\", \"children\": [{\"to\": \"cec1af8d-3577-b36e-3bf9-0c5b419a4f92\"}], \"actionParametersFetched\": false, \"type\": \"start-widget\", \"id\": \"3f107997-04cc-8733-60a9-a4bb62cebffc\", \"actionParameters\": []}, {\"properties\": {}, \"name\": \"End\", \"children\": [], \"actionParametersFetched\": false, \"type\": \"end-widget\", \"id\": \"33430f0f-ebfa-c3ec-f237-3e77efa03d0a\", \"actionParameters\": []}, {\"properties\": {\"message\": \"Action failed, error message[${wf:errorMessage(wf:lastErrorNode())}]\"}, \"name\": \"Kill\", \"children\": [], \"actionParametersFetched\": false, \"type\": \"kill-widget\", \"id\": \"17c9c895-5a16-7443-bb81-f34b30b21548\", \"actionParameters\": []}, {\"name\": \"hive2-cec1\", \"actionParametersUI\": [], \"children\": [{\"to\": \"33430f0f-ebfa-c3ec-f237-3e77efa03d0a\"}, {\"error\": \"17c9c895-5a16-7443-bb81-f34b30b21548\"}], \"properties\": {\"files\": [], \"job_xml\": \"\", \"parameters\": [{\"value\": \"fields=description, salary\"}, {\"value\": \"tablename=sample_07\"}, {\"value\": \"n=10\"}], \"job_properties\": [], \"jdbc_url\": \"\", \"archives\": [], \"prepares\": [], \"credentials\": [], \"script_path\": \"select.sql\", \"password\": \"\", \"sla\": [{\"key\": \"enabled\", \"value\": false}, {\"key\": \"nominal-time\", \"value\": \"${nominal_time}\"}, {\"key\": \"should-start\", \"value\": \"\"}, {\"key\": \"should-end\", \"value\": \"${30 * MINUTES}\"}, {\"key\": \"max-duration\", \"value\": \"\"}, {\"key\": \"alert-events\", \"value\": \"\"}, {\"key\": \"alert-contact\", \"value\": \"\"}, {\"key\": \"notification-msg\", \"value\": \"\"}, {\"key\": \"upstream-apps\", \"value\": \"\"}]}, \"actionParametersFetched\": false, \"type\": \"hive2-widget\", \"id\": \"cec1af8d-3577-b36e-3bf9-0c5b419a4f92\", \"actionParameters\": []}], \"id\": 50001, \"nodeNamesMapping\": {\"33430f0f-ebfa-c3ec-f237-3e77efa03d0a\": \"End\", \"cec1af8d-3577-b36e-3bf9-0c5b419a4f92\": \"hive2-cec1\", \"3f107997-04cc-8733-60a9-a4bb62cebffc\": \"Start\", \"17c9c895-5a16-7443-bb81-f34b30b21548\": \"Kill\"}, \"uuid\": \"c1c3cba9-edec-fb6f-a526-9f80b66fe993\"}}",
    "name": "Hive SQL"
  }
}
,
{
  "pk": 50003,
  "model": "desktop.document2",
  "fields": {
    "uuid": "1d1a9eec-d969-4cd6-c3c4-cb5b78f52f38",
    "extra": "",
    "type": "oozie-coordinator2",
    "description": "Copy everyday from files with a Spark job",
    "is_history": false,
    "last_modified": "2015-03-11T13:56:22.639",
    "version": 1,
    "owner": [
      "hue"
    ],
    "dependencies": [
      [
        "2d667ab2-70f9-c2bf-0726-abe84fa7130d",
        1,
        false
      ]
    ],
    "data": "{\"end_date\": {\"name\": \"end_date\", \"value\": \"2013-06-05T00:00Z\"}, \"variables\": [{\"shared_dataset_uuid\": \"\", \"is_advanced_start_instance\": false, \"show_advanced\": false, \"start_instance\": \"0\", \"timezone\": \"America/Los_Angeles\", \"end_instance\": \"0\", \"same_timezone\": true, \"uuid\": \"a96e02cd-70b3-5faf-1633-963d4251ce23\", \"frequency_number\": \"1\", \"dataset_variable\": \"/user/hue/oozie/workspaces/data/${YEAR}${MONTH}${DAY}\", \"start\": \"2015-03-11T20:51:48.374Z\", \"same_frequency\": true, \"advanced_start_instance\": \"${coord:current(0)}\", \"advanced_end_instance\": \"${coord:current(0)}\", \"instance_choice\": \"default\", \"dataset_type\": \"input_path\", \"use_done_flag\": false, \"done_flag\": \"_SUCCESS\", \"same_start\": true, \"frequency_unit\": \"days\", \"workflow_variable\": \"input\", \"is_advanced_end_instance\": false}, {\"shared_dataset_uuid\": \"\", \"is_advanced_start_instance\": false, \"show_advanced\": false, \"start_instance\": \"0\", \"timezone\": \"America/Los_Angeles\", \"end_instance\": \"0\", \"same_timezone\": true, \"uuid\": \"3748a9a6-5889-af8a-41a7-100d85a6d5be\", \"frequency_number\": \"1\", \"dataset_variable\": \"${directory}/${YEAR}${MONTH}${DAY}\", \"start\": \"2015-03-11T20:51:48.421Z\", \"same_frequency\": true, \"advanced_start_instance\": \"${coord:current(0)}\", \"advanced_end_instance\": \"${coord:current(0)}\", \"instance_choice\": \"default\", \"dataset_type\": \"output_path\", \"use_done_flag\": false, \"done_flag\": \"_SUCCESS\", \"same_start\": true, \"frequency_unit\": \"days\", \"workflow_variable\": \"output\", \"is_advanced_end_instance\": false}], \"isDirty\": true, \"showAdvancedFrequencyUI\": true, \"variablesUI\": [\"parameter\", \"input_path\", \"output_path\"], \"workflowParameters\": [{\"name\": \"input\", \"value\": \"/user/hue/oozie/workspaces/data/sonnets.txt\"}, {\"name\": \"output\", \"value\": \"here\"}], \"id\": 50003, \"name\": \"My Coordinator\", \"uuid\": \"1d1a9eec-d969-4cd6-c3c4-cb5b78f52f38\", \"properties\": {\"job_xml\": \"\", \"description\": \"Copy everyday from files with a Spark job\", \"end\": \"${end_date}\", \"parameters\": [{\"name\": \"oozie.use.system.libpath\", \"value\": true}, {\"name\": \"start_date\", \"value\": \"2013-06-01T00:00Z\"}, {\"name\": \"end_date\", \"value\": \"2013-06-05T00:00Z\"}, {\"name\": \"directory\", \"value\": \"/tmp/coordinator-output\"}], \"frequency_number\": 1, \"sla_enabled\": false, \"deployment_dir\": \"/user/hue/oozie/workspaces/coordinators/daily-copy\", \"cron_frequency\": \"0 0 * * *\", \"frequency_unit\": \"days\", \"workflow\": \"2d667ab2-70f9-c2bf-0726-abe84fa7130d\", \"cron_advanced\": false, \"start\": \"${start_date}\", \"sla_workflow_enabled\": false, \"schema_version\": \"uri:oozie:coordinator:0.2\", \"timeout\": null, \"timezone\": \"America/Los_Angeles\", \"credentials\": [], \"execution\": \"FIFO\", \"sla\": [{\"key\": \"enabled\", \"value\": false}, {\"key\": \"nominal-time\", \"value\": \"${nominal_time}\"}, {\"key\": \"should-start\", \"value\": \"\"}, {\"key\": \"should-end\", \"value\": \"${30 * MINUTES}\"}, {\"key\": \"max-duration\", \"value\": \"\"}, {\"key\": \"alert-events\", \"value\": \"\"}, {\"key\": \"alert-contact\", \"value\": \"\"}, {\"key\": \"notification-msg\", \"value\": \"\"}, {\"key\": \"upstream-apps\", \"value\": \"\"}]}, \"start_date\": {\"name\": \"start_date\", \"value\": \"2013-06-01T00:00Z\"}}",
    "name": "My Coordinator"
  }
}
,
{
  "pk": 50004,
  "model": "desktop.document2",
  "fields": {
    "uuid": "d1d4507d-fd70-9c44-02f1-548c9cf71364",
    "extra": "",
    "type": "oozie-bundle2",
    "description": "Aggregate two coordinators that copy files and run them together",
    "is_history": false,
    "last_modified": "2015-03-11T15:39:21.448",
    "version": 1,
    "owner": [
      "hue"
    ],
    "dependencies": [
      [
        "1d1a9eec-d969-4cd6-c3c4-cb5b78f52f38",
        1,
        false
      ]
    ],
    "data": "{\"properties\": {\"deployment_dir\": \"/user/hue/oozie/workspaces/bundles/copy-files\", \"description\": \"Aggregate two coordinators that copy files and run them together\", \"kickoff\": \"2015-03-11T15:22:31\", \"parameters\": [{\"name\": \"oozie.use.system.libpath\", \"value\": \"true\"}, {\"name\": \"root_output\", \"value\": \"bundle-example\"}], \"schema_version\": \"uri:oozie:bundle:0.2\"}, \"uuid\": \"d1d4507d-fd70-9c44-02f1-548c9cf71364\", \"isDirty\": true, \"coordinators\": [{\"coordinator\": \"1d1a9eec-d969-4cd6-c3c4-cb5b78f52f38\", \"properties\": [{\"name\": \"directory\", \"value\": \"${root_output}/coordinator1\"}, {\"name\": \"start_date\", \"value\": \"2013-06-01T00:00Z\"}, {\"name\": \"end_date\", \"value\": \"2013-06-05T00:00Z\"}]}, {\"coordinator\": \"1d1a9eec-d969-4cd6-c3c4-cb5b78f52f38\", \"properties\": [{\"name\": \"directory\", \"value\": \"${root_output}/coordinator2\"}, {\"name\": \"start_date\", \"value\": \"2013-06-01T00:00Z\"}, {\"name\": \"end_date\", \"value\": \"2013-06-05T00:00Z\"}]}], \"id\": 50004, \"name\": \"Copy Files\"}",
    "name": "Copy Files"
  }
}
,
{
  "pk": 50006,
  "model": "desktop.document2",
  "fields": {
    "uuid": "a3b8b8d5-d690-c4b9-5885-9d458a007744",
    "extra": "",
    "type": "oozie-workflow2",
    "description": "Run a Pig script and a Sub-workflow in parallel",
    "is_history": false,
    "last_modified": "2015-03-11T17:44:55.618",
    "version": 1,
    "owner": [
      "hue"
    ],
    "dependencies": [
      [
        "2d667ab2-70f9-c2bf-0726-abe84fa7130d",
        1,
        false
      ]
    ],
    "data": "{\"layout\": [{\"oozieRows\": [{\"enableOozieDropOnBefore\": true, \"enableOozieDropOnSide\": true, \"enableOozieDrop\": false, \"widgets\": [{\"status\": \"\", \"logsURL\": \"\", \"name\": \"fork-0dc5\", \"widgetType\": \"fork-widget\", \"oozieMovable\": false, \"ooziePropertiesExpanded\": false, \"properties\": {}, \"isLoading\": true, \"offset\": 0, \"actionURL\": \"\", \"progress\": 0, \"klass\": \"card card-widget span12\", \"oozieExpanded\": false, \"id\": \"0dc5f76b-95c3-efdb-1b4d-0b13fbad7561\", \"size\": 12}], \"id\": \"e9835fe3-85c8-4651-819c-6c60f4e8c980\", \"columns\": []}, {\"enableOozieDropOnBefore\": true, \"enableOozieDropOnSide\": true, \"enableOozieDrop\": true, \"widgets\": [], \"id\": \"d86070af-80b9-047e-858e-3840d03e7e1d\", \"columns\": [{\"oozieRows\": [{\"enableOozieDropOnBefore\": true, \"enableOozieDropOnSide\": true, \"enableOozieDrop\": false, \"widgets\": [{\"status\": \"\", \"logsURL\": \"\", \"name\": \"Pig Script\", \"widgetType\": \"pig-widget\", \"oozieMovable\": true, \"ooziePropertiesExpanded\": false, \"properties\": {}, \"isLoading\": true, \"offset\": 0, \"actionURL\": \"\", \"progress\": 0, \"klass\": \"card card-widget span12\", \"oozieExpanded\": false, \"id\": \"3aebb345-f5db-b76b-559d-e9ec22f543a1\", \"size\": 12}], \"id\": \"57c05732-3ba0-76bd-c39d-1c200b91a60b\", \"columns\": []}], \"rows\": [{\"enableOozieDropOnBefore\": true, \"enableOozieDropOnSide\": true, \"enableOozieDrop\": false, \"widgets\": [{\"status\": \"\", \"logsURL\": \"\", \"name\": \"Pig Script\", \"widgetType\": \"pig-widget\", \"oozieMovable\": true, \"ooziePropertiesExpanded\": false, \"properties\": {}, \"isLoading\": true, \"offset\": 0, \"actionURL\": \"\", \"progress\": 0, \"klass\": \"card card-widget span12\", \"oozieExpanded\": false, \"id\": \"3aebb345-f5db-b76b-559d-e9ec22f543a1\", \"size\": 12}], \"id\": \"57c05732-3ba0-76bd-c39d-1c200b91a60b\", \"columns\": []}], \"oozieEndRow\": null, \"oozieKillRow\": null, \"percWidth\": 49.5, \"enableOozieDropOnAfter\": true, \"oozieStartRow\": null, \"klass\": \"card card-home card-column span6\", \"enableOozieDropOnBefore\": true, \"drops\": [\"temp\"], \"id\": \"5de8f75e-1839-428c-e6d2-ac8a1ecc3320\", \"size\": 6}, {\"oozieRows\": [{\"enableOozieDropOnBefore\": true, \"enableOozieDropOnSide\": true, \"enableOozieDrop\": false, \"widgets\": [{\"status\": \"\", \"logsURL\": \"\", \"name\": \"Sub workflow\", \"widgetType\": \"subworkflow-widget\", \"oozieMovable\": true, \"ooziePropertiesExpanded\": false, \"properties\": {}, \"isLoading\": true, \"offset\": 0, \"actionURL\": \"\", \"progress\": 0, \"klass\": \"card card-widget span12\", \"oozieExpanded\": false, \"id\": \"f848895a-e4fa-e535-39c4-a94736667266\", \"size\": 12}], \"id\": \"c0393c8e-0de6-ed7d-3d88-e1c63801948b\", \"columns\": []}], \"rows\": [{\"enableOozieDropOnBefore\": true, \"enableOozieDropOnSide\": true, \"enableOozieDrop\": false, \"widgets\": [{\"status\": \"\", \"logsURL\": \"\", \"name\": \"Sub workflow\", \"widgetType\": \"subworkflow-widget\", \"oozieMovable\": true, \"ooziePropertiesExpanded\": false, \"properties\": {}, \"isLoading\": true, \"offset\": 0, \"actionURL\": \"\", \"progress\": 0, \"klass\": \"card card-widget span12\", \"oozieExpanded\": false, \"id\": \"f848895a-e4fa-e535-39c4-a94736667266\", \"size\": 12}], \"id\": \"c0393c8e-0de6-ed7d-3d88-e1c63801948b\", \"columns\": []}], \"oozieEndRow\": null, \"oozieKillRow\": null, \"percWidth\": 49.5, \"enableOozieDropOnAfter\": true, \"oozieStartRow\": null, \"klass\": \"card card-home card-column span6\", \"enableOozieDropOnBefore\": true, \"drops\": [\"temp\"], \"id\": \"e522e979-a707-ef3d-a829-b96f35f5604a\", \"size\": 6}]}, {\"enableOozieDropOnBefore\": true, \"enableOozieDropOnSide\": true, \"enableOozieDrop\": false, \"widgets\": [{\"status\": \"\", \"logsURL\": \"\", \"name\": \"join-9dad\", \"widgetType\": \"join-widget\", \"oozieMovable\": false, \"ooziePropertiesExpanded\": false, \"properties\": {}, \"isLoading\": true, \"offset\": 0, \"actionURL\": \"\", \"progress\": 0, \"klass\": \"card card-widget span12\", \"oozieExpanded\": false, \"id\": \"9dad1953-bf0b-1fb1-389d-4a2e83574dca\", \"size\": 12}], \"id\": \"aaa444f5-ce38-ff08-fe2b-3ea3c1f7f35d\", \"columns\": []}], \"rows\": [{\"enableOozieDropOnBefore\": true, \"enableOozieDropOnSide\": true, \"enableOozieDrop\": false, \"widgets\": [{\"status\": \"\", \"logsURL\": \"\", \"name\": \"Start\", \"widgetType\": \"start-widget\", \"oozieMovable\": false, \"ooziePropertiesExpanded\": false, \"properties\": {}, \"isLoading\": true, \"offset\": 0, \"actionURL\": \"\", \"progress\": 0, \"klass\": \"card card-widget span12\", \"oozieExpanded\": false, \"id\": \"3f107997-04cc-8733-60a9-a4bb62cebffc\", \"size\": 12}], \"id\": \"21de5cfa-58bd-e8ca-5b35-eed1dce5ca19\", \"columns\": []}, {\"enableOozieDropOnBefore\": true, \"enableOozieDropOnSide\": true, \"enableOozieDrop\": false, \"widgets\": [{\"status\": \"\", \"logsURL\": \"\", \"name\": \"fork-0dc5\", \"widgetType\": \"fork-widget\", \"oozieMovable\": false, \"ooziePropertiesExpanded\": false, \"properties\": {}, \"isLoading\": true, \"offset\": 0, \"actionURL\": \"\", \"progress\": 0, \"klass\": \"card card-widget span12\", \"oozieExpanded\": false, \"id\": \"0dc5f76b-95c3-efdb-1b4d-0b13fbad7561\", \"size\": 12}], \"id\": \"e9835fe3-85c8-4651-819c-6c60f4e8c980\", \"columns\": []}, {\"enableOozieDropOnBefore\": true, \"enableOozieDropOnSide\": true, \"enableOozieDrop\": true, \"widgets\": [], \"id\": \"d86070af-80b9-047e-858e-3840d03e7e1d\", \"columns\": [{\"oozieRows\": [{\"enableOozieDropOnBefore\": true, \"enableOozieDropOnSide\": true, \"enableOozieDrop\": false, \"widgets\": [{\"status\": \"\", \"logsURL\": \"\", \"name\": \"Pig Script\", \"widgetType\": \"pig-widget\", \"oozieMovable\": true, \"ooziePropertiesExpanded\": false, \"properties\": {}, \"isLoading\": true, \"offset\": 0, \"actionURL\": \"\", \"progress\": 0, \"klass\": \"card card-widget span12\", \"oozieExpanded\": false, \"id\": \"3aebb345-f5db-b76b-559d-e9ec22f543a1\", \"size\": 12}], \"id\": \"57c05732-3ba0-76bd-c39d-1c200b91a60b\", \"columns\": []}], \"rows\": [{\"enableOozieDropOnBefore\": true, \"enableOozieDropOnSide\": true, \"enableOozieDrop\": false, \"widgets\": [{\"status\": \"\", \"logsURL\": \"\", \"name\": \"Pig Script\", \"widgetType\": \"pig-widget\", \"oozieMovable\": true, \"ooziePropertiesExpanded\": false, \"properties\": {}, \"isLoading\": true, \"offset\": 0, \"actionURL\": \"\", \"progress\": 0, \"klass\": \"card card-widget span12\", \"oozieExpanded\": false, \"id\": \"3aebb345-f5db-b76b-559d-e9ec22f543a1\", \"size\": 12}], \"id\": \"57c05732-3ba0-76bd-c39d-1c200b91a60b\", \"columns\": []}], \"oozieEndRow\": null, \"oozieKillRow\": null, \"percWidth\": 49.5, \"enableOozieDropOnAfter\": true, \"oozieStartRow\": null, \"klass\": \"card card-home card-column span6\", \"enableOozieDropOnBefore\": true, \"drops\": [\"temp\"], \"id\": \"5de8f75e-1839-428c-e6d2-ac8a1ecc3320\", \"size\": 6}, {\"oozieRows\": [{\"enableOozieDropOnBefore\": true, \"enableOozieDropOnSide\": true, \"enableOozieDrop\": false, \"widgets\": [{\"status\": \"\", \"logsURL\": \"\", \"name\": \"Sub workflow\", \"widgetType\": \"subworkflow-widget\", \"oozieMovable\": true, \"ooziePropertiesExpanded\": false, \"properties\": {}, \"isLoading\": true, \"offset\": 0, \"actionURL\": \"\", \"progress\": 0, \"klass\": \"card card-widget span12\", \"oozieExpanded\": false, \"id\": \"f848895a-e4fa-e535-39c4-a94736667266\", \"size\": 12}], \"id\": \"c0393c8e-0de6-ed7d-3d88-e1c63801948b\", \"columns\": []}], \"rows\": [{\"enableOozieDropOnBefore\": true, \"enableOozieDropOnSide\": true, \"enableOozieDrop\": false, \"widgets\": [{\"status\": \"\", \"logsURL\": \"\", \"name\": \"Sub workflow\", \"widgetType\": \"subworkflow-widget\", \"oozieMovable\": true, \"ooziePropertiesExpanded\": false, \"properties\": {}, \"isLoading\": true, \"offset\": 0, \"actionURL\": \"\", \"progress\": 0, \"klass\": \"card card-widget span12\", \"oozieExpanded\": false, \"id\": \"f848895a-e4fa-e535-39c4-a94736667266\", \"size\": 12}], \"id\": \"c0393c8e-0de6-ed7d-3d88-e1c63801948b\", \"columns\": []}], \"oozieEndRow\": null, \"oozieKillRow\": null, \"percWidth\": 49.5, \"enableOozieDropOnAfter\": true, \"oozieStartRow\": null, \"klass\": \"card card-home card-column span6\", \"enableOozieDropOnBefore\": true, \"drops\": [\"temp\"], \"id\": \"e522e979-a707-ef3d-a829-b96f35f5604a\", \"size\": 6}]}, {\"enableOozieDropOnBefore\": true, \"enableOozieDropOnSide\": true, \"enableOozieDrop\": false, \"widgets\": [{\"status\": \"\", \"logsURL\": \"\", \"name\": \"join-9dad\", \"widgetType\": \"join-widget\", \"oozieMovable\": false, \"ooziePropertiesExpanded\": false, \"properties\": {}, \"isLoading\": true, \"offset\": 0, \"actionURL\": \"\", \"progress\": 0, \"klass\": \"card card-widget span12\", \"oozieExpanded\": false, \"id\": \"9dad1953-bf0b-1fb1-389d-4a2e83574dca\", \"size\": 12}], \"id\": \"aaa444f5-ce38-ff08-fe2b-3ea3c1f7f35d\", \"columns\": []}, {\"enableOozieDropOnBefore\": true, \"enableOozieDropOnSide\": true, \"enableOozieDrop\": false, \"widgets\": [{\"status\": \"\", \"logsURL\": \"\", \"name\": \"End\", \"widgetType\": \"end-widget\", \"oozieMovable\": false, \"ooziePropertiesExpanded\": false, \"properties\": {}, \"isLoading\": true, \"offset\": 0, \"actionURL\": \"\", \"progress\": 0, \"klass\": \"card card-widget span12\", \"oozieExpanded\": false, \"id\": \"33430f0f-ebfa-c3ec-f237-3e77efa03d0a\", \"size\": 12}], \"id\": \"35529830-934b-f618-76d5-913a639de36a\", \"columns\": []}, {\"enableOozieDropOnBefore\": true, \"enableOozieDropOnSide\": true, \"enableOozieDrop\": false, \"widgets\": [{\"status\": \"\", \"logsURL\": \"\", \"name\": \"Kill\", \"widgetType\": \"kill-widget\", \"oozieMovable\": true, \"ooziePropertiesExpanded\": false, \"properties\": {}, \"isLoading\": true, \"offset\": 0, \"actionURL\": \"\", \"progress\": 0, \"klass\": \"card card-widget span12\", \"oozieExpanded\": false, \"id\": \"17c9c895-5a16-7443-bb81-f34b30b21548\", \"size\": 12}], \"id\": \"cef39cfa-085b-a44a-d618-bb8258c262f2\", \"columns\": []}], \"oozieEndRow\": {\"enableOozieDropOnBefore\": true, \"enableOozieDropOnSide\": true, \"enableOozieDrop\": false, \"widgets\": [{\"status\": \"\", \"logsURL\": \"\", \"name\": \"End\", \"widgetType\": \"end-widget\", \"oozieMovable\": false, \"ooziePropertiesExpanded\": false, \"properties\": {}, \"isLoading\": true, \"offset\": 0, \"actionURL\": \"\", \"progress\": 0, \"klass\": \"card card-widget span12\", \"oozieExpanded\": false, \"id\": \"33430f0f-ebfa-c3ec-f237-3e77efa03d0a\", \"size\": 12}], \"id\": \"35529830-934b-f618-76d5-913a639de36a\", \"columns\": []}, \"oozieKillRow\": {\"enableOozieDropOnBefore\": true, \"enableOozieDropOnSide\": true, \"enableOozieDrop\": false, \"widgets\": [{\"status\": \"\", \"logsURL\": \"\", \"name\": \"Kill\", \"widgetType\": \"kill-widget\", \"oozieMovable\": true, \"ooziePropertiesExpanded\": false, \"properties\": {}, \"isLoading\": true, \"offset\": 0, \"actionURL\": \"\", \"progress\": 0, \"klass\": \"card card-widget span12\", \"oozieExpanded\": false, \"id\": \"17c9c895-5a16-7443-bb81-f34b30b21548\", \"size\": 12}], \"id\": \"cef39cfa-085b-a44a-d618-bb8258c262f2\", \"columns\": []}, \"enableOozieDropOnAfter\": true, \"oozieStartRow\": {\"enableOozieDropOnBefore\": true, \"enableOozieDropOnSide\": true, \"enableOozieDrop\": false, \"widgets\": [{\"status\": \"\", \"logsURL\": \"\", \"name\": \"Start\", \"widgetType\": \"start-widget\", \"oozieMovable\": false, \"ooziePropertiesExpanded\": false, \"properties\": {}, \"isLoading\": true, \"offset\": 0, \"actionURL\": \"\", \"progress\": 0, \"klass\": \"card card-widget span12\", \"oozieExpanded\": false, \"id\": \"3f107997-04cc-8733-60a9-a4bb62cebffc\", \"size\": 12}], \"id\": \"21de5cfa-58bd-e8ca-5b35-eed1dce5ca19\", \"columns\": []}, \"klass\": \"card card-home card-column span12\", \"enableOozieDropOnBefore\": true, \"drops\": [\"temp\"], \"id\": \"c867617a-758e-71d5-47dd-6e47e047e6d8\", \"size\": 12}], \"workflow\": {\"properties\": {\"job_xml\": \"\", \"description\": \"Run a Pig script and a Sub-workflow in parallel\", \"wf1_id\": null, \"sla_enabled\": false, \"deployment_dir\": \"/user/hue/oozie/workspaces/workflows/fork\", \"schema_version\": \"uri:oozie:workflow:0.5\", \"properties\": [], \"sla_workflow_enabled\": false, \"show_arrows\": true, \"credentials\": [], \"parameters\": [{\"name\": \"oozie.use.system.libpath\", \"value\": true}], \"sla\": [{\"value\": false, \"key\": \"enabled\"}, {\"value\": \"${nominal_time}\", \"key\": \"nominal-time\"}, {\"value\": \"\", \"key\": \"should-start\"}, {\"value\": \"${30 * MINUTES}\", \"key\": \"should-end\"}, {\"value\": \"\", \"key\": \"max-duration\"}, {\"value\": \"\", \"key\": \"alert-events\"}, {\"value\": \"\", \"key\": \"alert-contact\"}, {\"value\": \"\", \"key\": \"notification-msg\"}, {\"value\": \"\", \"key\": \"upstream-apps\"}]}, \"name\": \"Fork Example\", \"versions\": [\"uri:oozie:workflow:0.4\", \"uri:oozie:workflow:0.4.5\", \"uri:oozie:workflow:0.5\"], \"isDirty\": false, \"movedNode\": null, \"linkMapping\": {\"9dad1953-bf0b-1fb1-389d-4a2e83574dca\": [\"33430f0f-ebfa-c3ec-f237-3e77efa03d0a\"], \"17c9c895-5a16-7443-bb81-f34b30b21548\": [], \"3aebb345-f5db-b76b-559d-e9ec22f543a1\": [\"9dad1953-bf0b-1fb1-389d-4a2e83574dca\"], \"33430f0f-ebfa-c3ec-f237-3e77efa03d0a\": [], \"3f107997-04cc-8733-60a9-a4bb62cebffc\": [\"0dc5f76b-95c3-efdb-1b4d-0b13fbad7561\"], \"f848895a-e4fa-e535-39c4-a94736667266\": [\"9dad1953-bf0b-1fb1-389d-4a2e83574dca\"], \"0dc5f76b-95c3-efdb-1b4d-0b13fbad7561\": [\"f848895a-e4fa-e535-39c4-a94736667266\", \"3aebb345-f5db-b76b-559d-e9ec22f543a1\"]}, \"nodeIds\": [\"3f107997-04cc-8733-60a9-a4bb62cebffc\", \"33430f0f-ebfa-c3ec-f237-3e77efa03d0a\", \"17c9c895-5a16-7443-bb81-f34b30b21548\", \"f848895a-e4fa-e535-39c4-a94736667266\", \"3aebb345-f5db-b76b-559d-e9ec22f543a1\", \"0dc5f76b-95c3-efdb-1b4d-0b13fbad7561\", \"9dad1953-bf0b-1fb1-389d-4a2e83574dca\"], \"nodes\": [{\"properties\": {}, \"name\": \"Start\", \"children\": [{\"to\": \"0dc5f76b-95c3-efdb-1b4d-0b13fbad7561\"}], \"actionParametersFetched\": false, \"type\": \"start-widget\", \"id\": \"3f107997-04cc-8733-60a9-a4bb62cebffc\", \"actionParameters\": []}, {\"properties\": {}, \"name\": \"End\", \"children\": [], \"actionParametersFetched\": false, \"type\": \"end-widget\", \"id\": \"33430f0f-ebfa-c3ec-f237-3e77efa03d0a\", \"actionParameters\": []}, {\"properties\": {\"message\": \"Action failed, error message[${wf:errorMessage(wf:lastErrorNode())}]\"}, \"name\": \"Kill\", \"children\": [], \"actionParametersFetched\": false, \"type\": \"kill-widget\", \"id\": \"17c9c895-5a16-7443-bb81-f34b30b21548\", \"actionParameters\": []}, {\"properties\": {\"propagate_configuration\": true, \"workflow\": \"2d667ab2-70f9-c2bf-0726-abe84fa7130d\", \"job_properties\": [{\"name\": \"input\", \"value\": \"/user/hue/oozie/workspaces/data/sonnets.txt\"}, {\"name\": \"output\", \"value\": \"${output}\"}], \"sla\": [{\"value\": false, \"key\": \"enabled\"}, {\"value\": \"${nominal_time}\", \"key\": \"nominal-time\"}, {\"value\": \"\", \"key\": \"should-start\"}, {\"value\": \"${30 * MINUTES}\", \"key\": \"should-end\"}, {\"value\": \"\", \"key\": \"max-duration\"}, {\"value\": \"\", \"key\": \"alert-events\"}, {\"value\": \"\", \"key\": \"alert-contact\"}, {\"value\": \"\", \"key\": \"notification-msg\"}, {\"value\": \"\", \"key\": \"upstream-apps\"}]}, \"name\": \"subworkflow-f848\", \"children\": [{\"to\": \"9dad1953-bf0b-1fb1-389d-4a2e83574dca\"}, {\"error\": \"17c9c895-5a16-7443-bb81-f34b30b21548\"}], \"actionParametersFetched\": false, \"type\": \"subworkflow-widget\", \"id\": \"f848895a-e4fa-e535-39c4-a94736667266\", \"actionParameters\": []}, {\"name\": \"pig-3aeb\", \"actionParametersUI\": [], \"children\": [{\"to\": \"9dad1953-bf0b-1fb1-389d-4a2e83574dca\"}, {\"error\": \"17c9c895-5a16-7443-bb81-f34b30b21548\"}], \"properties\": {\"files\": [], \"job_xml\": [], \"parameters\": [{\"value\": \"input=/user/hue/oozie/workspaces/data/sonnets.txt\"}, {\"value\": \"limit=10\"}], \"job_properties\": [], \"arguments\": [], \"prepares\": [], \"credentials\": [], \"script_path\": \"dump.pig\", \"sla\": [{\"key\": \"enabled\", \"value\": false}, {\"key\": \"nominal-time\", \"value\": \"${nominal_time}\"}, {\"key\": \"should-start\", \"value\": \"\"}, {\"key\": \"should-end\", \"value\": \"${30 * MINUTES}\"}, {\"key\": \"max-duration\", \"value\": \"\"}, {\"key\": \"alert-events\", \"value\": \"\"}, {\"key\": \"alert-contact\", \"value\": \"\"}, {\"key\": \"notification-msg\", \"value\": \"\"}, {\"key\": \"upstream-apps\", \"value\": \"\"}], \"archives\": []}, \"actionParametersFetched\": false, \"type\": \"pig-widget\", \"id\": \"3aebb345-f5db-b76b-559d-e9ec22f543a1\", \"actionParameters\": []}, {\"properties\": {\"join_id\": \"9dad1953-bf0b-1fb1-389d-4a2e83574dca\"}, \"name\": \"fork-0dc5\", \"children\": [{\"to\": \"f848895a-e4fa-e535-39c4-a94736667266\", \"condition\": \"${ 1 gt 0 }\"}, {\"to\": \"3aebb345-f5db-b76b-559d-e9ec22f543a1\", \"condition\": \"${ 1 gt 0 }\"}], \"actionParametersFetched\": false, \"type\": \"fork-widget\", \"id\": \"0dc5f76b-95c3-efdb-1b4d-0b13fbad7561\", \"actionParameters\": []}, {\"properties\": {\"fork_id\": \"0dc5f76b-95c3-efdb-1b4d-0b13fbad7561\"}, \"name\": \"join-9dad\", \"children\": [{\"to\": \"33430f0f-ebfa-c3ec-f237-3e77efa03d0a\"}], \"actionParametersFetched\": false, \"type\": \"join-widget\", \"id\": \"9dad1953-bf0b-1fb1-389d-4a2e83574dca\", \"actionParameters\": []}], \"id\": 50006, \"nodeNamesMapping\": {\"9dad1953-bf0b-1fb1-389d-4a2e83574dca\": \"join-9dad\", \"17c9c895-5a16-7443-bb81-f34b30b21548\": \"Kill\", \"3aebb345-f5db-b76b-559d-e9ec22f543a1\": \"pig-3aeb\", \"33430f0f-ebfa-c3ec-f237-3e77efa03d0a\": \"End\", \"3f107997-04cc-8733-60a9-a4bb62cebffc\": \"Start\", \"f848895a-e4fa-e535-39c4-a94736667266\": \"subworkflow-f848\", \"0dc5f76b-95c3-efdb-1b4d-0b13fbad7561\": \"fork-0dc5\"}, \"uuid\": \"a3b8b8d5-d690-c4b9-5885-9d458a007744\"}}",
    "name": "Fork Example"
  }
}
,
{
  "pk": 49999,
  "model": "desktop.document2",
  "fields": {
    "uuid": "9f731852-0b1a-e7dd-1203-cf14778cdf20",
    "extra": "",
    "type": "oozie-workflow2",
    "description": "Run a MapReduce job that sleeps for N seconds",
    "is_history": false,
    "last_modified": "2015-05-13T09:27:05.470",
    "version": 1,
    "owner": [
      "hue"
    ],
    "dependencies": [],
    "data": "{\"layout\": [{\"oozieRows\": [{\"enableOozieDropOnBefore\": true, \"enableOozieDropOnSide\": true, \"enableOozieDrop\": false, \"widgets\": [{\"status\": \"\", \"logsURL\": \"\", \"name\": \"MapReduce job\", \"widgetType\": \"mapreduce-widget\", \"oozieMovable\": true, \"ooziePropertiesExpanded\": false, \"properties\": {}, \"isLoading\": true, \"offset\": 0, \"actionURL\": \"\", \"progress\": 0, \"klass\": \"card card-widget span12\", \"oozieExpanded\": false, \"id\": \"02c65a2e-5487-54d1-af0f-69c70dabbe94\", \"size\": 12}], \"id\": \"7b043639-0456-6fdf-0d03-881120e2128b\", \"columns\": []}], \"rows\": [{\"enableOozieDropOnBefore\": true, \"enableOozieDropOnSide\": true, \"enableOozieDrop\": false, \"widgets\": [{\"status\": \"\", \"logsURL\": \"\", \"name\": \"Start\", \"widgetType\": \"start-widget\", \"oozieMovable\": false, \"ooziePropertiesExpanded\": false, \"properties\": {}, \"isLoading\": true, \"offset\": 0, \"actionURL\": \"\", \"progress\": 0, \"klass\": \"card card-widget span12\", \"oozieExpanded\": false, \"id\": \"3f107997-04cc-8733-60a9-a4bb62cebffc\", \"size\": 12}], \"id\": \"c0a3956c-f167-0d5d-6e60-b0edf2333496\", \"columns\": []}, {\"enableOozieDropOnBefore\": true, \"enableOozieDropOnSide\": true, \"enableOozieDrop\": false, \"widgets\": [{\"status\": \"\", \"logsURL\": \"\", \"name\": \"MapReduce job\", \"widgetType\": \"mapreduce-widget\", \"oozieMovable\": true, \"ooziePropertiesExpanded\": false, \"properties\": {}, \"isLoading\": true, \"offset\": 0, \"actionURL\": \"\", \"progress\": 0, \"klass\": \"card card-widget span12\", \"oozieExpanded\": false, \"id\": \"02c65a2e-5487-54d1-af0f-69c70dabbe94\", \"size\": 12}], \"id\": \"7b043639-0456-6fdf-0d03-881120e2128b\", \"columns\": []}, {\"enableOozieDropOnBefore\": true, \"enableOozieDropOnSide\": true, \"enableOozieDrop\": false, \"widgets\": [{\"status\": \"\", \"logsURL\": \"\", \"name\": \"End\", \"widgetType\": \"end-widget\", \"oozieMovable\": false, \"ooziePropertiesExpanded\": false, \"properties\": {}, \"isLoading\": true, \"offset\": 0, \"actionURL\": \"\", \"progress\": 0, \"klass\": \"card card-widget span12\", \"oozieExpanded\": false, \"id\": \"33430f0f-ebfa-c3ec-f237-3e77efa03d0a\", \"size\": 12}], \"id\": \"df16edeb-ba59-a9b2-c9c0-5f2ff7b37b19\", \"columns\": []}, {\"enableOozieDropOnBefore\": true, \"enableOozieDropOnSide\": true, \"enableOozieDrop\": false, \"widgets\": [{\"status\": \"\", \"logsURL\": \"\", \"name\": \"Kill\", \"widgetType\": \"kill-widget\", \"oozieMovable\": true, \"ooziePropertiesExpanded\": false, \"properties\": {}, \"isLoading\": true, \"offset\": 0, \"actionURL\": \"\", \"progress\": 0, \"klass\": \"card card-widget span12\", \"oozieExpanded\": false, \"id\": \"17c9c895-5a16-7443-bb81-f34b30b21548\", \"size\": 12}], \"id\": \"fee3b967-1a61-0eb0-76e2-e526fb084c7a\", \"columns\": []}], \"oozieEndRow\": {\"enableOozieDropOnBefore\": true, \"enableOozieDropOnSide\": true, \"enableOozieDrop\": false, \"widgets\": [{\"status\": \"\", \"logsURL\": \"\", \"name\": \"End\", \"widgetType\": \"end-widget\", \"oozieMovable\": false, \"ooziePropertiesExpanded\": false, \"properties\": {}, \"isLoading\": true, \"offset\": 0, \"actionURL\": \"\", \"progress\": 0, \"klass\": \"card card-widget span12\", \"oozieExpanded\": false, \"id\": \"33430f0f-ebfa-c3ec-f237-3e77efa03d0a\", \"size\": 12}], \"id\": \"df16edeb-ba59-a9b2-c9c0-5f2ff7b37b19\", \"columns\": []}, \"oozieKillRow\": {\"enableOozieDropOnBefore\": true, \"enableOozieDropOnSide\": true, \"enableOozieDrop\": false, \"widgets\": [{\"status\": \"\", \"logsURL\": \"\", \"name\": \"Kill\", \"widgetType\": \"kill-widget\", \"oozieMovable\": true, \"ooziePropertiesExpanded\": false, \"properties\": {}, \"isLoading\": true, \"offset\": 0, \"actionURL\": \"\", \"progress\": 0, \"klass\": \"card card-widget span12\", \"oozieExpanded\": false, \"id\": \"17c9c895-5a16-7443-bb81-f34b30b21548\", \"size\": 12}], \"id\": \"fee3b967-1a61-0eb0-76e2-e526fb084c7a\", \"columns\": []}, \"enableOozieDropOnAfter\": true, \"oozieStartRow\": {\"enableOozieDropOnBefore\": true, \"enableOozieDropOnSide\": true, \"enableOozieDrop\": false, \"widgets\": [{\"status\": \"\", \"logsURL\": \"\", \"name\": \"Start\", \"widgetType\": \"start-widget\", \"oozieMovable\": false, \"ooziePropertiesExpanded\": false, \"properties\": {}, \"isLoading\": true, \"offset\": 0, \"actionURL\": \"\", \"progress\": 0, \"klass\": \"card card-widget span12\", \"oozieExpanded\": false, \"id\": \"3f107997-04cc-8733-60a9-a4bb62cebffc\", \"size\": 12}], \"id\": \"c0a3956c-f167-0d5d-6e60-b0edf2333496\", \"columns\": []}, \"klass\": \"card card-home card-column span12\", \"enableOozieDropOnBefore\": true, \"drops\": [\"temp\"], \"id\": \"7d7ce852-61c1-06d8-1bb5-67a881cf7d76\", \"size\": 12}], \"workflow\": {\"properties\": {\"job_xml\": \"\", \"description\": \"Run a MapReduce job that sleeps for N seconds\", \"wf1_id\": null, \"sla_enabled\": false, \"deployment_dir\": \"/user/hue/oozie/workspaces/workflows/sleep\", \"schema_version\": \"uri:oozie:workflow:0.5\", \"properties\": [], \"show_arrows\": true, \"parameters\": [{\"name\": \"oozie.use.system.libpath\", \"value\": true}], \"sla\": [{\"value\": false, \"key\": \"enabled\"}, {\"value\": \"${nominal_time}\", \"key\": \"nominal-time\"}, {\"value\": \"\", \"key\": \"should-start\"}, {\"value\": \"${30 * MINUTES}\", \"key\": \"should-end\"}, {\"value\": \"\", \"key\": \"max-duration\"}, {\"value\": \"\", \"key\": \"alert-events\"}, {\"value\": \"\", \"key\": \"alert-contact\"}, {\"value\": \"\", \"key\": \"notification-msg\"}, {\"value\": \"\", \"key\": \"upstream-apps\"}]}, \"name\": \"MapReduce Sleep jobs\", \"versions\": [\"uri:oozie:workflow:0.4\", \"uri:oozie:workflow:0.4.5\", \"uri:oozie:workflow:0.5\"], \"isDirty\": true, \"movedNode\": null, \"linkMapping\": {\"33430f0f-ebfa-c3ec-f237-3e77efa03d0a\": [], \"3f107997-04cc-8733-60a9-a4bb62cebffc\": [\"02c65a2e-5487-54d1-af0f-69c70dabbe94\"], \"02c65a2e-5487-54d1-af0f-69c70dabbe94\": [\"33430f0f-ebfa-c3ec-f237-3e77efa03d0a\"], \"17c9c895-5a16-7443-bb81-f34b30b21548\": []}, \"nodeIds\": [\"3f107997-04cc-8733-60a9-a4bb62cebffc\", \"33430f0f-ebfa-c3ec-f237-3e77efa03d0a\", \"17c9c895-5a16-7443-bb81-f34b30b21548\", \"02c65a2e-5487-54d1-af0f-69c70dabbe94\"], \"nodes\": [{\"properties\": {}, \"name\": \"Start\", \"children\": [{\"to\": \"02c65a2e-5487-54d1-af0f-69c70dabbe94\"}], \"actionParametersFetched\": false, \"type\": \"start-widget\", \"id\": \"3f107997-04cc-8733-60a9-a4bb62cebffc\", \"actionParameters\": []}, {\"properties\": {}, \"name\": \"End\", \"children\": [], \"actionParametersFetched\": false, \"type\": \"end-widget\", \"id\": \"33430f0f-ebfa-c3ec-f237-3e77efa03d0a\", \"actionParameters\": []}, {\"properties\": {\"message\": \"Action failed, error message[${wf:errorMessage(wf:lastErrorNode())}]\"}, \"name\": \"Kill\", \"children\": [], \"actionParametersFetched\": false, \"type\": \"kill-widget\", \"id\": \"17c9c895-5a16-7443-bb81-f34b30b21548\", \"actionParameters\": []}, {\"properties\": {\"files\": [], \"job_xml\": \"\", \"jar_path\": \"/user/hue/oozie/workspaces/lib/hadoop-examples.jar\", \"job_properties\": [{\"name\": \"mapred.reduce.tasks\", \"value\": \"1\"}, {\"name\": \"mapred.mapper.class\", \"value\": \"org.apache.hadoop.examples.SleepJob\"}, {\"name\": \"mapred.reducer.class\", \"value\": \"org.apache.hadoop.examples.SleepJob\"}, {\"name\": \"mapred.mapoutput.key.class\", \"value\": \"org.apache.hadoop.io.IntWritable\"}, {\"name\": \"mapred.mapoutput.value.class\", \"value\": \"org.apache.hadoop.io.NullWritable\"}, {\"name\": \"mapred.output.format.class\", \"value\": \"org.apache.hadoop.mapred.lib.NullOutputFormat\"}, {\"name\": \"mapred.input.format.class\", \"value\": \"org.apache.hadoop.examples.SleepJob$SleepInputFormat\"}, {\"name\": \"mapred.partitioner.class\", \"value\": \"org.apache.hadoop.examples.SleepJob\"}, {\"name\": \"mapred.speculative.execution\", \"value\": \"false\"}, {\"name\": \"sleep.job.map.sleep.time\", \"value\": \"0\"}, {\"name\": \"sleep.job.reduce.sleep.time\", \"value\": \"${REDUCER_SLEEP_TIME}\"}], \"archives\": [], \"prepares\": [], \"credentials\": [], \"sla\": [{\"value\": false, \"key\": \"enabled\"}, {\"value\": \"${nominal_time}\", \"key\": \"nominal-time\"}, {\"value\": \"\", \"key\": \"should-start\"}, {\"value\": \"${30 * MINUTES}\", \"key\": \"should-end\"}, {\"value\": \"\", \"key\": \"max-duration\"}, {\"value\": \"\", \"key\": \"alert-events\"}, {\"value\": \"\", \"key\": \"alert-contact\"}, {\"value\": \"\", \"key\": \"notification-msg\"}, {\"value\": \"\", \"key\": \"upstream-apps\"}]}, \"name\": \"mapreduce-02c6\", \"children\": [{\"to\": \"33430f0f-ebfa-c3ec-f237-3e77efa03d0a\"}, {\"error\": \"17c9c895-5a16-7443-bb81-f34b30b21548\"}], \"actionParametersFetched\": false, \"type\": \"mapreduce-widget\", \"id\": \"02c65a2e-5487-54d1-af0f-69c70dabbe94\", \"actionParameters\": []}], \"id\": null, \"nodeNamesMapping\": {\"33430f0f-ebfa-c3ec-f237-3e77efa03d0a\": \"End\", \"3f107997-04cc-8733-60a9-a4bb62cebffc\": \"Start\", \"02c65a2e-5487-54d1-af0f-69c70dabbe94\": \"mapreduce-02c6\", \"17c9c895-5a16-7443-bb81-f34b30b21548\": \"Kill\"}, \"uuid\": \"9f731852-0b1a-e7dd-1203-cf14778cdf20\"}}",
    "name": "MapReduce Sleep jobs"
  }
}
]
